<?xml version="1.0" encoding="UTF-8"?>
<!DOCTYPE hibernate-configuration PUBLIC
        "-//Hibernate/Hibernate Configuration DTD 3.0//EN"
        "http://hibernate.org/dtd/hibernate-configuration-3.0.dtd">
<hibernate-configuration>
    <session-factory>
        <property name="hibernate.connection.driver_class">com.mysql.jdbc.Driver</property>
        <property name="hibernate.connection.url">jdbc:mysql://localhost:3306/employee_tracker</property>
        <property name="hibernate.connection.username">root</property>
        <property name="hibernate.connection.password"></property>
      
        <property name="hibernate.dialect">org.hibernate.dialect.MySQL5Dialect</property>
        
        <!-- "Create" during start of App and later use "update" (if create it will drop exiting table and create new table 
        "validate" during testing -->
        <property name="hbm2ddl.auto">update</property>
        <!-- for debugging purpose sh/ow sql true to view SQL statement  -->
        <property name="show_sql">true</property>
        
       <!-- <property name="hibernate.cache.use_second_level_cache">true</property>
        
        <property name="hibernate.cache.region.factory_class">org.hibernate.cache.ehcache.EhCacheRegionFactory</property>-->
    </session-factory>
</hibernate-configuration>